Company,Email,Phone,Website,Address
Aspect,,02084650000,http://www.aspect-property.com/,"41 Park Parade, Harlesden, London NW10 4JE"
West London Property Management,,07784599109,https://www.tradingstandards.uk/,"99 Highlever Road, Kensington and Chelsea, London W10 6PW"
Art of Buying,hello@artofbuying.co.uk,07852297969,http://www.artofbuying.co.uk,"Flat 166 Cranston Court, London W12 7FH"
Found It London Ltd,mikeabbrandao@gmail.com,07745029809,http://www.founditlondon.com,"7b Herbert Garden, London NW10 3BX"
Harwood Advisory,,07748508991,http://www.harwoodadvisory.com,"5 Baldwin Gardens, London WC1 6HH"
Yasmeen Residential,,02039836018,http://www.yasmeenresidential.com,"Unit 16, Oliver Business Park, Oliver Road, Park Royal, London NW10 7JB"
Oland Home,,07772547432,http://www.olandhome.com,"56 Wallingford Avenue, London W10 6QD"
Farrell Lewis,info@farrelllewis.co.uk,02087433323,http://www.farrelllewis.co.uk,"Shop 2 East Vale, Acton, London W3 7RU"
Mountgrange Heritage,sales@mountgrangeheritage.co.uk,02089600181,http://www.mountgrangeheritage.co.uk,"59 St Helens Gardens, North Kensington, London W10 6LN"
Lizebridge Residential,,02039858303,http://www.swift-residential.co.uk,"400 Uxbridge Road, Shepherds Bush, London W12 0NP"
Coast Spain Property Group,office@coastspainproperties.co.uk,07986266504,http://www.coastspainproperties.co.uk,"Flat 23 Archdale Court, 1 Bloemfontein Avenue, London W12 7BJ"
Millwood Kane International Limited,,02030969282,http://www.millwoodkane.com/,"Ground Floor Shop, 41 Kilburn Lane, London W10 4AE"
Hamptons,,02033692048,https://www.hamptons.co.uk,"72-74 Chamberlayne Road, Kensal Rise, London NW10 3JJ"
Dexters Kensal Rise,,02079803030,http://www.dexters.co.uk,"62 Chamberlayne Road, London NW10 3JJ"
Parkhealth,nw3@parkhealth.com,02089604845,http://www.parkhealth.co.uk,"54-56 Chamberlayne Road, London NW10 3JH"
Kensal Rise & Queens Park,enquiries@druce.com,02078707471,http://www.Druce.com,"35 Chamberlayne Road, London NW10 3JE"
Harris and Company,info@harrisandcompany.co.uk,02089691333,http://www.harrisandcompany.co.uk,"106 Chamberlayne Road, Kensal Rise, London NW10 3JN"
Warwick Estate Agents,info@warwickestateagents.co.uk,02089609988,http://www.warwickestateagents.co.uk/,"69 Chamberlayne Road, London NW10 3ND"
Daniels Estate Agents,wembley@danielsestateagents.co.uk,02089695999,http://www.danielsestateagents.co.uk/,"77 Chamberlayne Road, Kensal Rise, London NW10 3ND"
Mile,mw10@milkeestates.co.uk,02089668000,http://www.milkeestates.co.uk,"51 Chamberlayne Road, Kensal Rise, London NW10 3ND"
Warnlock & Taylor,,02089690122,,"97 Chamberlayne Road, London NW10 3NN"
John Barclay Estate and Management,admin@johnbarclay.co.uk,02089593120,http://www.johnbarclay.co.uk,"Unit 2.03, Grand Union Studios, 332 Ladbroke Grove, London W10 5AD"
Laponte Browne Residential Ltd,hello@lbresidential.co.uk,07490088110,https://www.lbresidential.co.uk/,"Grand Union Studios, 332 Ladbroke Grove, London W10 5AD"
Brand Inc Residential Ltd,user@domain.com,02089607988,http://www.brandincresidential.co.uk/,"Studio 1.25, Grand Union Studios, 332 Ladbroke Grove, London W10 5AD"
